,event,allocated_robots,available_robots,teleoperations,pioneer3at_1_cur_maneuver,pioneer3at_1_tasks_counter,pioneer3at_1_pose,pioneer3at_1_battery,pioneer3at_2_cur_maneuver,pioneer3at_2_tasks_counter,pioneer3at_2_pose,pioneer3at_2_battery,UAV_1_cur_maneuver,UAV_1_tasks_counter,UAV_1_pose,UAV_1_battery,UAV_2_cur_maneuver,UAV_2_tasks_counter,UAV_2_pose,UAV_2_battery
0.005,,0,4,0,None,0,[],100,None,0,[],100,None,0,[],100,None,0,[],100
0.025,,0,4,0,None,0,[],100,None,0,[],100,None,0,"[1.0, 1.0, 0.6997549999999999]",100,None,0,[],100
6.63,,0,4,0,None,0,"[3.0027891311259878, 1.0124877806606416, 0.0]",100,None,0,"[2.9992911012700794, 2.9867398470182316, 0.0]",100,None,0,"[0.9960748990015195, 0.9998474548361101, 0.6572294090517097]",100,None,0,"[0.965474821563668, 2.953305176997598, 0.6812681737093523]",100
19.685,,0,4,0,None,0,"[3.012696155428984, 1.0333776495975036, 0.0]",100.0,None,0,"[2.9956441881121725, 2.9713323707998396, 0.0]",100.0,None,0,"[0.995659022884894, 0.9991833999765568, 0.6572450861590727]",100.0,None,0,"[0.96495915845368, 2.954998711692287, 0.6813010823991544]",100.0
31.745,,0,4,0,None,0,"[3.0185209167838636, 1.045344904971516, 0.0]",100.0,None,0,"[2.992649577490659, 2.957384344116651, 0.0]",100.0,None,0,"[0.995494293718024, 0.9987695738259048, 0.6572446643711402]",100.0,None,0,"[0.9650708418169335, 2.9559598282956037, 0.6813289615611368]",100.0
32.52,,0,4,0,None,0,"[3.0188169095582995, 1.045952445918821, 0.0]",100.0,None,0,"[2.9924977718346955, 2.956507138779035, 0.0]",100.0,None,0,"[0.9955520910106836, 0.9986516680871708, 0.6571845112558273]",100.0,None,0,"[0.9651821213337961, 2.9558988520413636, 0.6813296919637104]",100.0
